sample,time_s,ecg_mV
0,0.0,0.04711320727762486
1,0.004,0.056515709856377466
2,0.008,0.039775358685743896
3,0.012,0.0009040573042911363
4,0.016,0.005011300197828139
5,0.02,0.036196014779819125
6,0.024,0.07123497853157158
7,0.028,0.05974629265808241
8,0.032,0.05029578894776113
9,0.036,-0.007384936939654075
10,0.04,0.024895290481188263
11,0.044,0.053652071939658
12,0.048,0.06756959750309055
13,0.052,0.036554062876908475
14,0.056,0.002361597403788558
15,0.06,0.023470362978568898
16,0.064,0.05793195392197601
17,0.068,0.07266010104578267
18,0.072,0.03407314161304848
19,0.076,0.018645689469675916
20,0.08,0.03106423646913129
21,0.084,0.08139543699403022
22,0.088,0.06748709431898432
23,0.092,0.029061398340446562
24,0.096,0.028977903755813175
25,0.1,0.0514839597851845
26,0.104,0.09384508357695409
27,0.108,0.0710032822960807
28,0.112,0.034720995723898584
29,0.116,0.029038688659284412
30,0.12,0.025604971339667295
31,0.124,0.08023608103947294
32,0.128,0.06567645215948681
33,0.132,0.022363948767856787
34,0.136,0.017060322010413864
35,0.14,0.08307052844119199
36,0.144,0.07472348962105001
37,0.148,0.0958811309714318
38,0.152,0.007872125965303265
39,0.156,0.020276730077156323
40,0.16,0.06337571883215332
41,0.164,0.105139398488789
42,0.168,0.09552976706079985
43,0.172,0.05671938242269175
44,0.176,0.024307091594889793
45,0.18,0.0564133340298638
46,0.184,0.11433834328006517
47,0.188,0.08361981903022485
48,0.192,0.023854076111872204
49,0.196,0.014621263688908988
50,0.2,0.052702790177684665
51,0.204,0.11246951102138832
52,0.208,0.09439562914646875
53,0.212,0.06419867376023493
54,0.216,0.03251913524148132
55,0.22,0.07759255730176191
56,0.224,0.12063579888056813
57,0.228,0.09257084749629066
58,0.232,0.06684806446620377
59,0.236,0.03580955091230309
60,0.24,0.07649866425298435
61,0.244,0.11171256313547083
62,0.248,0.0868802994564492
63,0.252,0.07886707564435264
64,0.256,0.0521153817728446
65,0.26,0.09761966420821216
66,0.264,0.14326955663880073
67,0.268,0.13428511046171163
68,0.272,0.1018504453726285
69,0.276,0.08058704858883592
70,0.28,0.11365257916888637
71,0.284,0.15915645029403772
72,0.288,0.12391449937050579
73,0.292,0.09383648169939211
74,0.296,0.09037966248943327
75,0.3,0.13674628316082743
76,0.304,0.2025190894829695
77,0.308,0.173670288556937
78,0.312,0.14929108160039142
79,0.316,0.1738432867866452
80,0.32,0.18408637867554753
81,0.324,0.24337885499714892
82,0.328,0.20634839057375856
83,0.332,0.18341373035931732
84,0.336,0.16164113048515835
85,0.34,0.20942898634439197
86,0.344,0.266540857147425
87,0.348,0.20925467958613636
88,0.352,0.20769275011253144
89,0.356,0.1911354872217338
90,0.36,0.20819489189422838
91,0.364,0.22398735364229685
92,0.368,0.2355984169453712
93,0.372,0.17986339667014747
94,0.376,0.1764452533793914
95,0.38,0.2009611105505588
96,0.384,0.257272328485608
97,0.388,0.20568355042898515
98,0.392,0.14448895005067458
99,0.396,0.1474022017706171
100,0.4,0.17541980387196204
101,0.404,0.22332674745527886
102,0.408,0.195495500747354
103,0.412,0.1403328791368777
104,0.416,0.14245682234339382
105,0.42,0.12330505504295174
106,0.424,0.16217846137794942
107,0.428,0.14042819481102273
108,0.432,0.10550027283024523
109,0.436,0.07200053882367496
110,0.44,0.13888887375746234
111,0.444,0.15452072369819939
112,0.448,0.11747288945606994
113,0.452,0.08299702468021253
114,0.456,0.09298167372719672
115,0.46,0.13474777910059774
116,0.464,0.18812896254974223
117,0.468,0.19126006278675584
118,0.472,0.10434130617746251
119,0.476,0.06500903161737004
120,0.48,0.07502829297264071
121,0.484,0.14626923304538889
122,0.488,0.10497705905438885
123,0.492,0.057122094677309526
124,0.496,0.022882366403931688
125,0.5,0.04552880610381854
126,0.504,0.08572224430038747
127,0.508,0.05312646654245182
128,0.512,0.021092182370587412
129,0.516,0.03165332782952741
130,0.52,0.12150405684993058
131,0.524,0.2768807403220007
132,0.528,0.40674585048116874
133,0.532,0.5636056856871647
134,0.536,0.7045553697658643
135,0.54,0.9314219408424858
136,0.544,1.0814022169406765
137,0.548,1.1358494082386803
138,0.552,1.0960870377051968
139,0.556,1.0023980379290744
140,0.56,0.9361352921420781
141,0.564,0.7281292667945883
142,0.568,0.5497353650835368
143,0.572,0.29762230854152877
144,0.576,0.1673021893244195
145,0.58,0.07306728732307138
146,0.584,0.010413999996470583
147,0.588,-0.058116108885307265
148,0.592,-0.14290576980400033
149,0.596,-0.1457024694485196
150,0.6,-0.11888902841559296
151,0.604,-0.07428076057088981
152,0.608,-0.052639229716767585
153,0.612,-0.028043702183589866
154,0.616,0.023343630555097212
155,0.62,0.06528424872771868
156,0.624,0.12122194167639204
157,0.628,0.13661640341523426
158,0.632,0.12865972713999207
159,0.636,0.10659390503076834
160,0.64,0.13558160236068045
161,0.644,0.20129863377027093
162,0.648,0.1804907652025463
163,0.652,0.16295308881388476
164,0.656,0.12951185720364394
165,0.66,0.14121616530745695
166,0.664,0.17591661571820616
167,0.668,0.22184591658754058
168,0.672,0.18664221564077965
169,0.676,0.14465349835257071
170,0.68,0.17962188002371646
171,0.684,0.25183337851986315
172,0.688,0.1989872515670249
173,0.692,0.16814852317298484
174,0.696,0.1899868718678606
175,0.7,0.2118388811661349
176,0.704,0.25975708818649723
177,0.708,0.25217484382613314
178,0.712,0.22837625287423063
179,0.716,0.24357431128012105
180,0.72,0.2621131118176733
181,0.724,0.3145891594786521
182,0.728,0.2628484788581866
183,0.732,0.26739843144371195
184,0.736,0.25020984502337107
185,0.74,0.2866750438555504
186,0.744,0.33609351742637494
187,0.748,0.34317777969679725
188,0.752,0.3344887578977968
189,0.756,0.2912576476481553
190,0.76,0.35864289201721977
191,0.764,0.39209888273063814
192,0.768,0.3913360456586451
193,0.772,0.38290848718824655
194,0.776,0.37017133146732284
195,0.78,0.4256953114890816
196,0.784,0.4394269216175343
197,0.788,0.42365739230457494
198,0.792,0.3970393423960251
199,0.796,0.39803829935469454
200,0.8,0.43470347523518593
201,0.804,0.44906552975302405
202,0.808,0.46044676610650587
203,0.812,0.4238791897240472
204,0.816,0.45360099766545137
205,0.82,0.4757071735360407
206,0.824,0.45932001962028984
207,0.828,0.4553791189691827
208,0.832,0.39078502048360875
209,0.836,0.3906498922080819
210,0.84,0.4362962275327423
211,0.844,0.48086105640837845
212,0.848,0.4278169195325081
213,0.852,0.38180979844713375
214,0.856,0.33534640614305616
215,0.86,0.39687632801843187
216,0.864,0.4059366916073007
217,0.868,0.39429377639322966
218,0.872,0.33794467553374
219,0.876,0.3300015173052379
220,0.88,0.32373017368866397
221,0.884,0.3523973265425284
222,0.888,0.3943913350348927
223,0.892,0.2816110183167663
224,0.896,0.26214219680387507
225,0.9,0.33805687153079145
226,0.904,0.38045290746640514
227,0.908,0.2843531886396605
228,0.912,0.24782080697615352
229,0.916,0.23823693658391557
230,0.92,0.28708607070948877
231,0.924,0.26235975474361944
232,0.928,0.25416250042774857
233,0.932,0.22291997491152382
234,0.936,0.1958810023586748
235,0.94,0.20677511800093334
236,0.944,0.2370010045471228
237,0.948,0.19490452242110926
238,0.952,0.16756176319627455
239,0.956,0.14806452858929056
240,0.96,0.184431392060918
241,0.964,0.1980240402249418
242,0.968,0.1986400423455663
243,0.972,0.16243885770327765
244,0.976,0.12983906032963094
245,0.98,0.16253516645916127
246,0.984,0.18663695518439596
247,0.988,0.16945540930712805
248,0.992,0.11209142775635988
249,0.996,0.11509830643852333
250,1.0,0.13822322693780542
251,1.004,0.20845805842777387
252,1.008,0.18412505533147858
253,1.012,0.119547315122213
254,1.016,0.08428620769896956
255,1.02,0.10959830033620985
256,1.024,0.18283294914065648
257,1.028,0.15205369850002032
258,1.032,0.11362558324305891
259,1.036,0.059824539518908405
260,1.04,0.14032161059719692
261,1.044,0.16436631200394972
262,1.048,0.12292152191225267
263,1.052,0.09288879966757255
264,1.056,0.09320887002838422
265,1.06,0.12269851171912768
266,1.064,0.15001198250797895
267,1.068,0.14117120988822876
268,1.072,0.09810325212957824
269,1.076,0.09371918031270353
270,1.08,0.15212164850143622
271,1.084,0.11444943931619805
272,1.088,0.14577670412991792
273,1.092,0.11457684187230918
274,1.096,0.1069337583748961
275,1.1,0.13154552560775604
276,1.104,0.14368149152083726
277,1.108,0.17268789018405947
278,1.112,0.16132851342454982
279,1.116,0.09487888740442559
280,1.12,0.17661534976251025
281,1.124,0.1939966937618063
282,1.128,0.19184195261438536
283,1.132,0.13870725401243106
284,1.136,0.14479553603478276
285,1.14,0.2132810028276008
286,1.144,0.2392268610244865
287,1.148,0.25245663455608486
288,1.152,0.20613652526275897
289,1.156,0.18439548297320466
290,1.16,0.24477836472722123
291,1.164,0.25743660929606954
292,1.168,0.2537566181890074
293,1.172,0.1935129293300668
294,1.176,0.18754691392873676
295,1.18,0.2063436648760532
296,1.184,0.26830899306911965
297,1.188,0.21396008500027386
298,1.192,0.20461544817849356
299,1.196,0.17008163703582524
300,1.2,0.22284580385100727
301,1.204,0.24289340930541609
302,1.208,0.24323327119367205
303,1.212,0.1758531095999579
304,1.216,0.11477060405288794
305,1.22,0.16804715378340462
306,1.224,0.17426740081545106
307,1.228,0.16617405784725536
308,1.232,0.15453788325712636
309,1.236,0.11928015308118294
310,1.24,0.12196867639133181
311,1.244,0.14337732858897606
312,1.248,0.14365909719974865
313,1.252,0.07458478644788956
314,1.256,0.06666180055686695
315,1.26,0.11303883414982702
316,1.264,0.1573124486609529
317,1.268,0.1309672359759761
318,1.272,0.03420811768845214
319,1.276,0.06515632730749728
320,1.28,0.09152708109023414
321,1.284,0.1285252289692001
322,1.288,0.13526245710495885
323,1.292,0.02589092951841023
324,1.296,0.03776206340843972
325,1.3,0.09026719859614787
326,1.304,0.08178689899198868
327,1.308,0.12003087340428747
328,1.312,0.05227192181799621
329,1.316,0.03758696686158157
330,1.32,0.030136637650989673
331,1.324,0.06928103934554877
332,1.328,0.041385122607950194
333,1.332,-0.029751341576403762
334,1.336,-0.045689334602995096
335,1.34,0.003475461234235884
336,1.344,0.055759706455327795
337,1.348,0.12402603328925
338,1.352,0.1829918528842231
339,1.356,0.3133291317646889
340,1.36,0.5200595693049886
341,1.364,0.6944389619944953
342,1.368,0.8693012711885533
343,1.372,0.9909343793099309
344,1.376,1.0074234547808074
345,1.38,1.0276083302140624
346,1.384,0.9878462892491191
347,1.388,0.8334778886030664
348,1.392,0.590629915008332
349,1.396,0.4102872386289072
350,1.4,0.2609460445269719
351,1.404,0.1488369432374002
352,1.408,0.01799525950164162
353,1.412,-0.07371234571296456
354,1.416,-0.18719576856979267
355,1.42,-0.21700755940797073
356,1.424,-0.12761134106213226
357,1.428,-0.1674366898114383
358,1.432,-0.17377553450375047
359,1.436,-0.1309035875491445
360,1.44,-0.11236297643029089
361,1.444,-0.03633805729164584
362,1.448,-0.023647619004978943
363,1.452,-0.025024882033310332
364,1.456,0.003080411568380532
365,1.46,0.05076349820879444
366,1.464,0.08810129085832998
367,1.468,0.050545527636279425
368,1.472,-0.0029647706629027104
369,1.476,0.029748219335734235
370,1.48,0.056069572372790775
371,1.484,0.1085912512775808
372,1.488,0.1028699456761718
373,1.492,0.05445617289041255
374,1.496,0.05611676112338996
375,1.5,0.08336040476045023
376,1.504,0.12592643227806813
377,1.508,0.0952133103346288
378,1.512,0.06811801202480831
379,1.516,0.06715489712223059
380,1.52,0.11702664693283607
381,1.524,0.13419462956266542
382,1.528,0.14406334355442899
383,1.532,0.09523678977064784
384,1.536,0.092034547086936
385,1.54,0.14955449884746186
386,1.544,0.13954412983613912
387,1.548,0.14717632886108462
388,1.552,0.11076698139891025
389,1.556,0.09104236431326927
390,1.56,0.1626408801813476
391,1.564,0.2302993287037247
392,1.568,0.20775174204546434
393,1.572,0.1841415140139173
394,1.576,0.19632809677169
395,1.58,0.2427154648443353
396,1.584,0.2595614097020068
397,1.588,0.28099090256435144
398,1.592,0.22544574894110486
399,1.596,0.20401428369248284
400,1.6,0.2493353816242447
401,1.604,0.27391576960487657
402,1.608,0.2786315879820296
403,1.612,0.2532607268993505
404,1.616,0.2670966891982324
405,1.62,0.32189262712593364
406,1.624,0.30363686755650726
407,1.628,0.3264514232502293
408,1.632,0.26231648737290236
409,1.636,0.2788882904351992
410,1.64,0.3024602867763653
411,1.644,0.30549958800849736
412,1.648,0.34194962621772074
413,1.652,0.27185110466538626
414,1.656,0.2582135371670663
415,1.66,0.2788152173479376
416,1.664,0.3157222693837304
417,1.668,0.31783557853980626
418,1.672,0.26016980416100477
419,1.676,0.2506420768657126
420,1.68,0.2777123828709227
421,1.684,0.3208097753240334
422,1.688,0.27012725483078914
423,1.692,0.20002000575090384
424,1.696,0.22408580313037638
425,1.7,0.22277962637405194
426,1.704,0.27233876644473315
427,1.708,0.2364270652721837
428,1.712,0.17577021815060226
429,1.716,0.16129020353693502
430,1.72,0.21292060241979122
431,1.724,0.23794368468273874
432,1.728,0.1785823825833615
433,1.732,0.1286359498896784
434,1.736,0.12209746895741364
435,1.74,0.1106458252858143
436,1.744,0.15521525081047893
437,1.748,0.12635181552830896
438,1.752,0.08191361855400757
439,1.756,0.03944604166518896
440,1.76,0.05034987098165282
441,1.764,0.06651344038994833
442,1.768,0.0629423432170316
443,1.772,0.025972100366987393
444,1.776,0.008936646125670035
445,1.78,0.07545741273906384
446,1.784,0.08725439969277772
447,1.788,0.031170185924805402
448,1.792,0.007835841968585621
449,1.796,-0.02385931459828045
450,1.8,0.0066044636284911355
451,1.804,0.04366619084722042
452,1.808,0.034422835076037106
453,1.812,-0.027981487517264515
454,1.816,-0.019128128721227017
455,1.82,-0.028924329012695454
456,1.824,0.021952613689739546
457,1.828,0.05309538586511908
458,1.832,-0.033292427564510306
459,1.836,-0.02644130147342867
460,1.84,-0.01923875932634519
461,1.844,0.021206363692134748
462,1.848,-0.004341360217040137
463,1.852,-0.04858810937735564
464,1.856,-0.07300926330983211
465,1.86,-0.018360461348372145
466,1.864,-0.008213231490273502
467,1.868,0.006682277758332734
468,1.872,-0.02621554819226563
469,1.876,-0.050761754032697136
470,1.88,-0.027683704147234582
471,1.884,0.02092305686545752
472,1.888,-0.003052474319940413
473,1.892,-0.01885434827104861
474,1.896,-0.07794341266007573
475,1.9,-0.013824320769415175
476,1.904,-0.005963156285975539
477,1.908,-0.004955242749255535
478,1.912,0.01054803238687349
479,1.916,-0.005082352782482424
480,1.92,0.004923646500354612
481,1.924,0.030078488098545932
482,1.928,-0.0029066289614425797
483,1.932,0.005550086448460955
484,1.936,0.05207182131031403
485,1.94,0.05524810629766675
486,1.944,0.07588517996509093
487,1.948,0.08636654703457014
488,1.952,0.012892992095612649
489,1.956,0.0263479663702133
490,1.96,0.0693947436732097
491,1.964,0.10107826469643927
492,1.968,0.10495040651208551
493,1.972,0.055609669429862355
494,1.976,0.047579711687228333
495,1.98,0.0543411557054474
496,1.984,0.11314760328597899
497,1.988,0.10969202244292954
498,1.992,0.017069483076571357
499,1.996,0.00044515890916270104
500,2.0,0.0677662406420999
501,2.004,0.0670961811504894
502,2.008,0.07626503240326178
503,2.012,-0.00518459487604239
504,2.016,0.009064137309921724
505,2.02,0.011322323077889176
506,2.024,0.03977705743055906
507,2.028,0.043648182745729375
508,2.032,-0.03884391395706821
509,2.036,-0.06833174429100157
510,2.04,-0.03214826078382105
511,2.044,0.01179679780427162
512,2.048,-0.04236751154112203
513,2.052,-0.048534436747752985
514,2.056,-0.08665824817179463
515,2.06,-0.026816880311268488
516,2.064,-0.06067650449699458
517,2.068,-0.04745096077218965
518,2.072,-0.10743031596994335
519,2.076,-0.10696647879366526
520,2.08,-0.056362076758838434
521,2.084,-0.03252713939239003
522,2.088,-0.04818091704530815
523,2.092,-0.08923554603754282
524,2.096,-0.09736948953630196
525,2.1,-0.08882886684429099
526,2.104,-0.02962795091615676
527,2.108,-0.051480303394374566
528,2.112,-0.11051879844377718
529,2.116,-0.13769907872713885
530,2.12,-0.12932532917099201
531,2.124,-0.08309478107910287
532,2.128,-0.1438703446400994
533,2.132,-0.18307887500552497
534,2.136,-0.17564125107327466
535,2.14,-0.09162842753812941
536,2.144,0.025291117709470016
537,2.148,0.14076317509723796
538,2.152,0.269306299830555
539,2.156,0.4433723620734573
540,2.16,0.6566271175811653
541,2.164,0.8377082706709262
542,2.168,0.96396070423618
543,2.172,0.9514401158801279
544,2.176,0.8683104227084026
545,2.18,0.7632317495233311
546,2.184,0.6385822962392989
547,2.188,0.42055749141970944
548,2.192,0.15890237405943367
549,2.196,0.005241522929777517
550,2.2,-0.0886914142656778
551,2.204,-0.176607906942731
552,2.208,-0.2400131456742193
553,2.212,-0.3542902991554588
554,2.216,-0.3362469861518872
555,2.22,-0.30277736660872023
556,2.224,-0.2772071283774179
557,2.228,-0.2470103130407262
558,2.232,-0.29950376691294445
559,2.236,-0.24994003734274756
560,2.24,-0.16472094423038314
561,2.244,-0.11505713334807198
562,2.248,-0.07217889177781589
563,2.252,-0.07329926456016994
564,2.256,-0.1314698905060282
565,2.26,-0.08417041203929758
566,2.264,-0.02606696936243208
567,2.268,-0.009862718328975294
568,2.272,-0.09847653906239126
569,2.276,-0.0813442612416475
570,2.28,-0.016309666762203467
571,2.284,-0.04186574157215257
572,2.288,-0.04393705509970956
573,2.292,-0.06533825247017455
574,2.296,-0.07512677665910608
575,2.3,-0.012793083504375758
576,2.304,0.01565482997277412
577,2.308,-0.027524761991756796
578,2.312,-0.021208137510418668
579,2.316,-0.046958626047698626
580,2.32,0.026701387688768324
581,2.324,0.033183503859203725
582,2.328,0.02812306797066352
583,2.332,0.016365008097469626
584,2.336,0.016182903185784487
585,2.34,0.05267285805425112
586,2.344,0.056725470874473105
587,2.348,0.09347869090930294
588,2.352,0.03370729264178309
589,2.356,0.05371313586171535
590,2.36,0.06715218427338493
591,2.364,0.14421113626954143
592,2.368,0.11909821089305808
593,2.372,0.07952508265648775
594,2.376,0.11281385870396123
595,2.38,0.14753329635919876
596,2.384,0.17515145910962793
597,2.388,0.2090780313314265
598,2.392,0.14301905333150733
599,2.396,0.14755905639868486
600,2.4,0.1933955399360783
601,2.404,0.21845552181912814
602,2.408,0.2325642714617736
603,2.412,0.1798912747237035
604,2.416,0.17523833292816657
605,2.42,0.2455990373338196
606,2.424,0.23999126718354796
607,2.428,0.2061323313337045
608,2.432,0.24013254891493951
609,2.436,0.24616905478665296
610,2.44,0.2272606503182418
611,2.444,0.23308732256283776
612,2.448,0.24887640051258267
613,2.452,0.2065268311256698
614,2.456,0.19304957001779097
615,2.46,0.206386032980427
616,2.464,0.2660156421018258
617,2.468,0.24741360167293683
618,2.472,0.1643076242848933
619,2.476,0.18478090510977008
620,2.48,0.23550935668849995
621,2.484,0.2274540153869699
622,2.488,0.1975747419644324
623,2.492,0.15150170873307536
624,2.496,0.1435917316876219
625,2.5,0.12550845390065932
626,2.504,0.18351078514380692
627,2.508,0.15122558040878348
628,2.512,0.14066240102796124
629,2.516,0.08178207593585649
630,2.52,0.13845299838524905
631,2.524,0.11213046959626215
632,2.528,0.12023949758759074
633,2.532,0.06481326430096203
634,2.536,0.021446381086670265
635,2.54,0.06454889184433991
636,2.544,0.10772337827778043
637,2.548,0.058917556605512456
638,2.552,-0.014958715169739189
639,2.556,-0.005282806661520751
640,2.56,0.004700725907147849
641,2.564,0.04107909081569983
642,2.568,0.0264628050903683
643,2.572,-0.05011096868778626
644,2.576,-0.06700019554830733
645,2.58,-0.0013497755782554965
646,2.584,0.008849439533942804
647,2.588,-0.04523685053345602
648,2.592,-0.03032830486989279
649,2.596,-0.056142180927278684
650,2.6,-0.044131894708657936
651,2.604,-0.024886848639906575
652,2.608,-0.0017230435734921744
653,2.612,-0.05419058656991321
654,2.616,-0.032587169707427276
655,2.62,-0.036635783712018456
656,2.624,-0.005694345854268452
657,2.628,-0.02991841767956264
658,2.632,-0.05466450848335191
659,2.636,-0.07193412792332647
660,2.64,-0.028283509287031054
661,2.644,-0.027651469829749704
662,2.648,-0.03939529874396329
663,2.652,-0.08174817560914158
664,2.656,-0.07187925644021434
665,2.66,-0.025990095293788523
666,2.664,-0.02792974534465992
667,2.668,-0.03989120366687571
668,2.672,-0.06745837163211253
669,2.676,-0.0898277498450549
670,2.68,-0.03440588123081578
671,2.684,-0.058050057813093414
672,2.688,-0.044196938554358564
673,2.692,-0.08343166813082983
674,2.696,-0.12249797520428224
675,2.7,-0.06321679575597605
676,2.704,-0.027215244461667017
677,2.708,-0.02493827621940051
678,2.712,-0.03996602290893165
679,2.716,-0.07430721884834326
680,2.72,-0.05196543569608702
681,2.724,0.002453592546883181
682,2.728,0.013675126694957986
683,2.732,-0.05946088169482894
684,2.736,-0.06609716061817322
685,2.74,-0.0010301503931532726
686,2.744,0.023968829543401578
687,2.748,0.03303865130854507
688,2.752,-0.013519103125367431
689,2.756,-0.006581454040699085
690,2.76,0.0024392325327142715
691,2.764,0.06127005684005801
692,2.768,0.05215010601569148
693,2.772,1.5117093600799242e-05
694,2.776,-0.012030878440592304
695,2.78,0.06837172549633981
696,2.784,0.08921426149627606
697,2.788,0.07010377630876406
698,2.792,0.050680141564584086
699,2.796,0.06431877251327943
700,2.8,0.039748351001029934
701,2.804,0.0897658520385102
702,2.808,0.08906579902856097
703,2.812,0.09156629299421062
704,2.816,0.05741258052552632
705,2.82,0.09826367771266432
706,2.824,0.09516077379086135
707,2.828,0.07993039514841334
708,2.832,0.06335889504823584
709,2.836,0.03933710592978988
710,2.84,0.07660629850301624
711,2.844,0.0913548904980311
712,2.848,0.0814225064828803
713,2.852,0.03231214029779198
714,2.856,0.02485738765619591
715,2.86,0.05279436015830863
716,2.864,0.0366357845836176
717,2.868,0.007066550739145944
718,2.872,0.019114805641945853
719,2.876,0.004790139779477731
720,2.88,-0.006255107360660508
721,2.884,0.007750868196068031
722,2.888,0.02654567562621941
723,2.892,-0.002946066385037853
724,2.896,-0.0029510363510390214
725,2.9,0.004794991329988312
726,2.904,0.020014920489857226
727,2.908,-0.0037980580407465936
728,2.912,-0.03003291522420832
729,2.916,-0.04940466046975844
730,2.92,-0.02979704389985501
731,2.924,0.05805903364617129
732,2.928,0.04013780244869428
733,2.932,-0.013237734533628514
734,2.936,-0.06401805108962544
735,2.94,-0.0010495457926887886
736,2.944,0.023695576876332104
737,2.948,-0.0009482027946058052
738,2.952,-0.04059611477693789
739,2.956,-0.08161442082117334
740,2.96,-0.06520196873792122
741,2.964,-0.04885722677659658
742,2.968,-0.07148628967589828
743,2.972,-0.1379520258381619
744,2.976,-0.08062223763348776
745,2.98,0.005886930564356862
746,2.984,0.12290232737625002
747,2.988,0.29401610142515844
748,2.992,0.4150124346354705
749,2.996,0.5762977238195028
750,3.0,0.7739045141665606
751,3.004,0.9647008589260286
752,3.008,0.9570315037407847
753,3.012,0.9189226913927083
754,3.016,0.8977836952179131
755,3.02,0.6714819060413996
756,3.024,0.6413784860500832
757,3.028,0.3798085352301281
758,3.032,0.2620141133039467
759,3.036,0.016050407915593756
760,3.04,0.015878523220999318
761,3.044,-0.10234341935430064
762,3.048,-0.16737437776471875
763,3.052,-0.21031055482196548
764,3.056,-0.2920719212008194
765,3.06,-0.18919483443168778
766,3.064,-0.23718328327004318
767,3.068,-0.14050297416205235
768,3.072,-0.1246134953079924
769,3.076,-0.1191336940249684
770,3.08,0.037230270579763455
771,3.084,-0.023754788816110012
772,3.088,-0.0816856895743376
773,3.092,-0.059912095184068266
774,3.096,0.0329170889438057
775,3.1,0.06772933945476219
776,3.104,0.08830314913671458
777,3.108,0.0073096627667774
778,3.112,0.03946053753939354
779,3.116,-0.06308740198982153
780,3.12,0.10738422101182499
781,3.124,0.22217775010851437
782,3.128,0.1184630070558258
783,3.132,0.0887760993732163
784,3.136,0.01089559867461469
785,3.14,-0.02931668608522702
786,3.144,0.08113104686943434
787,3.148,0.06256544339664871
788,3.152,0.004875097575766568
789,3.156,0.13533941139373323
790,3.16,0.12605671486160425
791,3.164,0.1586062195721749
792,3.168,0.12110850070968131
793,3.172,0.11179352071219405
794,3.176,0.14654270092253574
795,3.18,0.15602728678835273
796,3.184,0.22488004706462325
797,3.188,0.16398722255450704
798,3.192,0.1382709385897964
799,3.196,0.12250823538403104
800,3.2,0.09375373505047153
801,3.204,0.19760022177068257
802,3.208,0.214314875159061
803,3.212,0.15727878780901966
804,3.216,0.2113119329796369
805,3.22,0.25612568189829954
806,3.224,0.22395250268931152
807,3.228,0.20683095697232431
808,3.232,0.28980015545088744
809,3.236,0.30611041920687376
810,3.24,0.2301376156177311
811,3.244,0.34387741435005503
812,3.248,0.3706770555304981
813,3.252,0.322651922714697
814,3.256,0.2869184717990216
815,3.26,0.34027516056657214
816,3.264,0.37817537555431047
817,3.268,0.3794008997399376
818,3.272,0.36917431104046283
819,3.276,0.34435140335555214
820,3.28,0.3873088078788515
821,3.284,0.4185232420387124
822,3.288,0.37665559863048886
823,3.292,0.3693238247191107
824,3.296,0.40882625059188193
825,3.3,0.3217114631665632
826,3.304,0.27788308955134733
827,3.308,0.4415196636326605
828,3.312,0.3131631052391058
829,3.316,0.2034396148688189
830,3.32,0.3003184332695898
831,3.324,0.3775104605254458
832,3.328,0.31428679300897283
833,3.332,0.24985073625048693
834,3.336,0.3205902103931637
835,3.34,0.23656474738530797
836,3.344,0.22957536227018863
837,3.348,0.3000073319553003
838,3.352,0.22798684754444237
839,3.356,0.20244050617158987
840,3.36,0.27000013565635145
841,3.364,0.264531018353272
842,3.368,0.24176710374313012
843,3.372,0.18539144614314063
844,3.376,0.13925708033885012
845,3.38,0.18284368546086818
846,3.384,0.20948562497635181
847,3.388,0.22356107835538302
848,3.392,0.17083052801513515
849,3.396,0.10464479516779769
850,3.4,0.12375150147399125
851,3.404,0.17800258217277673
852,3.408,0.11958200282446929
853,3.412,0.08136182108145762
854,3.416,0.18883279031856515
855,3.42,0.09043153020062264
856,3.424,0.1637109507214135
857,3.428,0.17710061818432216
858,3.432,0.09287141720687568
859,3.436,0.19031209108016722
860,3.44,0.06101934885453229
861,3.444,0.12181216717327448
862,3.448,0.057285755251927174
863,3.452,0.058731920620963135
864,3.456,0.08809331302272155
865,3.46,0.11618199838477161
866,3.464,0.08680093108372057
867,3.468,0.12928205598943301
868,3.472,0.0416138858336382
869,3.476,0.02209602094546117
870,3.48,0.19378110857242137
871,3.484,0.13041276129865842
872,3.488,0.06065592337001544
873,3.492,0.04465906897771796
874,3.496,-0.010652459928294139
875,3.5,0.10360319241510406
876,3.504,0.1023581815962783
877,3.508,0.07549086252640717
878,3.512,0.060504311052471275
879,3.516,0.07860243433681177
880,3.52,0.03669529779248909
881,3.524,0.09138375193795192
882,3.528,0.09797195970605811
883,3.532,0.12281588207264428
884,3.536,0.057808117062965514
885,3.54,0.021902599203899212
886,3.544,0.14769222643943433
887,3.548,0.051977844218174675
888,3.552,0.028543222425625785
889,3.556,0.019664563238073418
890,3.56,0.15933036697418068
891,3.564,0.14421879526929396
892,3.568,0.1624230244501013
893,3.572,0.15685962360731298
894,3.576,0.22363355017139624
895,3.58,0.04154638783585819
896,3.584,0.13837065842088137
897,3.588,0.07798124396666695
898,3.592,0.05998738186630191
899,3.596,0.03307647526863589
900,3.6,0.12527229615243296
901,3.604,0.11120354814770525
902,3.608,0.18205581804585821
903,3.612,0.17149380133607187
904,3.616,0.14754308269725605
905,3.62,0.19871922010143245
906,3.624,0.23054363513846485
907,3.628,0.18489545501917873
908,3.632,0.25968543652406473
909,3.636,0.1743362462473664
910,3.64,0.12975315406943794
911,3.644,0.21320995905766088
912,3.648,0.14512820023986478
913,3.652,0.18915225547830847
914,3.656,0.13895494102670383
915,3.66,0.17496242749954205
916,3.664,0.33661273360665334
917,3.668,0.25420213781592854
918,3.672,0.20588341354151285
919,3.676,0.12666061711724846
920,3.68,0.14505733606575755
921,3.684,0.23250641930798613
922,3.688,0.20388411628662517
923,3.692,0.053868643869791275
924,3.696,0.12289321979477788
925,3.7,0.09992149197432283
926,3.704,0.17634590650037724
927,3.708,0.05806801316513261
928,3.712,0.05800769572316924
929,3.716,0.09513874151927194
930,3.72,0.13561827773836682
931,3.724,0.15755410103132492
932,3.728,0.16978915841908454
933,3.732,0.10006647498681394
934,3.736,0.04291012634138619
935,3.74,0.16212363105893335
936,3.744,0.1598020283793539
937,3.748,0.10481044089092344
938,3.752,0.13824334888888223
939,3.756,0.10532250078887957
940,3.76,0.13056020824212872
941,3.764,0.20036345630407848
942,3.768,0.06870939524245556
943,3.772,0.042081302437162495
944,3.776,0.04791331617248084
945,3.78,0.06568119211814809
946,3.784,0.10101234011043825
947,3.788,0.029066731789601327
948,3.792,0.04394738905252128
949,3.796,-0.01810047926274337
950,3.8,0.04194857609576014
951,3.804,0.05987209990946744
952,3.808,0.0037097175675815768
953,3.812,-0.0416934178482605
954,3.816,-0.0018233536162566844
955,3.82,0.04115630987611102
956,3.824,0.12085222921708759
957,3.828,0.23700300183458767
958,3.832,0.3237626386593061
959,3.836,0.43123738741710127
960,3.84,0.6687692760991546
961,3.844,0.8784041452179259
962,3.848,0.9927246025431787
963,3.852,1.028820904431599
964,3.856,0.9743119227565545
965,3.86,0.9558151702927025
966,3.864,0.8333248276540076
967,3.868,0.6385678414458573
968,3.872,0.4367236001635467
969,3.876,0.26540859360433033
970,3.88,0.16238593919399769
971,3.884,0.0761776783706214
972,3.888,-0.04337880914779758
973,3.892,-0.130769129591742
974,3.896,-0.16676978908301868
975,3.9,-0.1544831956022089
976,3.904,-0.1119446566950643
977,3.908,-0.08864275960883344
978,3.912,-0.11274161342024452
979,3.916,-0.1006255256226
980,3.92,-0.025694327606217853
981,3.924,0.05803870260932789
982,3.928,0.0593497941609476
983,3.932,0.04321035655081988
984,3.936,0.0497310923716133
985,3.94,0.07318481982811378
986,3.944,0.1328562530204342
987,3.948,0.11758177481806721
988,3.952,0.05068197335036054
989,3.956,0.08906101734519933
990,3.96,0.09022635653211185
991,3.964,0.10572193380446784
992,3.968,0.1072078862995744
993,3.972,0.06999945973841315
994,3.976,0.08042180072591568
995,3.98,0.1119916936607713
996,3.984,0.14864117596524032
997,3.988,0.15799411391863089
998,3.992,0.1170216581071657
999,3.996,0.10945028124888861
1000,4.0,0.15035994284994356
1001,4.004,0.19365437968416419
1002,4.008,0.13855269159176023
1003,4.012,0.135779157208335
1004,4.016,0.09769602531972046
1005,4.02,0.1784993638556315
1006,4.024,0.21896248304475335
1007,4.028,0.23331720918091198
1008,4.032,0.20312212858004625
1009,4.036,0.18126190015790472
1010,4.04,0.21062356938081217
1011,4.044,0.2704862564283835
1012,4.048,0.2484298905292683
1013,4.052,0.2256618697045505
1014,4.056,0.23957411525469494
1015,4.06,0.25381699383289286
1016,4.064,0.32022869230722717
1017,4.068,0.3135642246751456
1018,4.072,0.2511144969779246
1019,4.076,0.2808460323248697
1020,4.08,0.31650168779221105
1021,4.084,0.34590992247116104
1022,4.088,0.323979350957156
1023,4.092,0.28685677530185777
1024,4.096,0.2850719676870387
1025,4.1,0.3422750449925649
1026,4.104,0.352353851813027
1027,4.108,0.36772802728693055
1028,4.112,0.29859081247750946
1029,4.116,0.30598787171982655
1030,4.12,0.34553639731833136
1031,4.124,0.42064787882829024
1032,4.128,0.33808304868148353
1033,4.132,0.3463513291098224
1034,4.136,0.30714539706408484
1035,4.14,0.34164390748242235
1036,4.144,0.36539177336885187
1037,4.148,0.3535383725712502
1038,4.152,0.2958990848594709
1039,4.156,0.3057333443816344
1040,4.16,0.2976192529304151
1041,4.164,0.3519205633170082
1042,4.168,0.2991281847446383
1043,4.172,0.2599383414662269
1044,4.176,0.2200530623201496
1045,4.18,0.2715249596424475
1046,4.184,0.3130529307077832
1047,4.188,0.2631336526962693
1048,4.192,0.20987780240350312
1049,4.196,0.17058418440163972
1050,4.2,0.20970310550245277
1051,4.204,0.20835341416723965
1052,4.208,0.19784525919919352
1053,4.212,0.16729145658832942
1054,4.216,0.16446782767558576
1055,4.22,0.21500296710761715
1056,4.224,0.1778201961732546
1057,4.228,0.19241611684139615
1058,4.232,0.12102935064478305
1059,4.236,0.09272395803361495
1060,4.24,0.12837160478196025
1061,4.244,0.1471857319415158
1062,4.248,0.12790280094160514
1063,4.252,0.07034757937490153
1064,4.256,0.03311719751617181
1065,4.26,0.057460847149909566
1066,4.264,0.12434372212260957
1067,4.268,0.08931741855784195
1068,4.272,0.03722306255834408
1069,4.276,0.030560027094004797
1070,4.28,0.07353715711985699
1071,4.284,0.09165903288060069
1072,4.288,0.06014661624749199
1073,4.292,0.04950124473289348
1074,4.296,0.04011692822491267
1075,4.3,0.051222743255846054
1076,4.304,0.09084559014043306
1077,4.308,0.0810505392082671
1078,4.312,0.036371344093037224
1079,4.316,0.013250713882731734
1080,4.32,0.04555413394145991
1081,4.324,0.07715983541610198
1082,4.328,0.0355271903940562
1083,4.332,0.027405115869049056
1084,4.336,-0.021183681859733246
1085,4.34,0.023846571237707337
1086,4.344,0.09704776144090665
1087,4.348,0.07864756614226762
1088,4.352,0.05230693559314001
1089,4.356,0.011568596139237592
1090,4.36,0.03310164751798194
1091,4.364,0.08731497316559107
1092,4.368,0.0856433254318025
1093,4.372,0.049260700621899266
1094,4.376,0.06092738993723738
1095,4.38,0.07283027862501441
1096,4.384,0.12450795103630706
1097,4.388,0.09312811467048204
1098,4.392,0.08314921439339418
1099,4.396,0.06732878442349473
1100,4.4,0.09156664265160366
1101,4.404,0.1380537681816671
1102,4.408,0.12955598075513236
1103,4.412,0.08939431474919919
1104,4.416,0.11512249320102486
1105,4.42,0.11555291453808592
1106,4.424,0.14608487373957013
1107,4.428,0.09891457845704332
1108,4.432,0.07738562813296855
1109,4.436,0.07306546208276553
1110,4.44,0.09490086480329413
1111,4.444,0.16075467096981685
1112,4.448,0.1148282512716062
1113,4.452,0.09384716647352172
1114,4.456,0.052538165124435286
1115,4.46,0.0784699463536535
1116,4.464,0.10228966555175929
1117,4.468,0.08387473189200027
1118,4.472,0.06617554888945212
1119,4.476,-0.02660803981699495
1120,4.48,0.005166027976372889
1121,4.484,0.057686656822988305
1122,4.488,0.04828262129955434
1123,4.492,0.012913002236758777
1124,4.496,-0.009709552880715733
1125,4.5,0.0025537118547915684
1126,4.504,0.055932459479421576
1127,4.508,0.03867851105312606
1128,4.512,-0.022016634800659112
1129,4.516,-0.024630454108691285
1130,4.52,-0.007293596937742559
1131,4.524,0.00780713976945378
1132,4.528,0.014916095832040946
1133,4.532,-0.03934832838218386
1134,4.536,-0.056326985868102815
1135,4.54,0.001340931426292092
1136,4.544,-0.038041297199710694
1137,4.548,-0.0343844662397827
1138,4.552,-0.07429236464619068
1139,4.556,-0.07664947219965301
1140,4.56,-0.04866948673260123
1141,4.564,-0.04927627182730395
1142,4.568,-0.06863071134833085
1143,4.572,-0.12720203120544324
1144,4.576,-0.09997712100610703
1145,4.58,-0.09258807140881684
1146,4.584,-0.10052088900793701
1147,4.588,-0.09427542423032509
1148,4.592,-0.10640639162502143
1149,4.596,-0.060127493766894906
1150,4.6,0.11081712405991284
1151,4.604,0.2670574887377928
1152,4.608,0.4377296561368875
1153,4.612,0.5498304062498616
1154,4.616,0.7217685044383028
1155,4.62,0.8999077068724772
1156,4.624,0.9974157837971953
1157,4.628,0.963253929477852
1158,4.632,0.7892487907775436
1159,4.636,0.6549370802675992
1160,4.64,0.4676414174144059
1161,4.644,0.334511224626027
1162,4.648,0.13745426979763944
1163,4.652,-0.07091011028707803
1164,4.656,-0.17468481682497897
1165,4.66,-0.20885976891109215
1166,4.664,-0.2236373795374451
1167,4.668,-0.2780582081173337
1168,4.672,-0.2954361585022525
1169,4.676,-0.3053548521456839
1170,4.68,-0.2684297204104002
1171,4.684,-0.18190695514240177
1172,4.688,-0.13513129606657615
1173,4.692,-0.1393935157333125
1174,4.696,-0.17818945632944153
1175,4.7,-0.11478765606738812
1176,4.704,-0.02003373159239747
1177,4.708,-0.06610159029493493
1178,4.712,-0.10379871643457868
1179,4.716,-0.09606889942839167
1180,4.72,-0.042739924940806744
1181,4.724,-0.01597371622322083
1182,4.728,-0.035978841232499816
1183,4.732,-0.07497077850719391
1184,4.736,-0.08561827208128145
1185,4.74,-0.052321341898774514
1186,4.744,0.04119972685713137
1187,4.748,-0.0035533234985590688
1188,4.752,-0.030056603482258748
1189,4.756,-0.06312921029087275
1190,4.76,-0.01959876269860384
1191,4.764,0.009364744808589452
1192,4.768,-0.0326746468447744
1193,4.772,-0.04494317361858075
1194,4.776,-0.059110931703543076
1195,4.78,-0.02701927449486778
1196,4.784,0.03232102943660074
1197,4.788,0.07239376891246203
1198,4.792,0.014348687957450756
1199,4.796,0.033715488878588676
1200,4.8,0.05949409907612662
1201,4.804,0.10803224479453807
1202,4.808,0.07377848875304094
1203,4.812,0.06720101070522573
1204,4.816,0.06720281220309612
1205,4.82,0.08608342242749785
1206,4.824,0.14891732845524147
1207,4.828,0.14536628970500556
1208,4.832,0.0930704143811459
1209,4.836,0.07879752749621402
1210,4.84,0.11950376554287372
1211,4.844,0.1838867011185036
1212,4.848,0.18336330583543214
1213,4.852,0.12950369118431804
1214,4.856,0.13848425931068065
1215,4.86,0.1879689309890623
1216,4.864,0.22792026610312371
1217,4.868,0.2371671366714283
1218,4.872,0.19553013478805975
1219,4.876,0.1455220543606436
1220,4.88,0.23007497621686424
1221,4.884,0.22563068151388085
1222,4.888,0.24258154786431724
1223,4.892,0.18430538476200717
1224,4.896,0.16254454093362722
1225,4.9,0.16944909122111532
1226,4.904,0.2300705481028621
1227,4.908,0.18941870451655296
1228,4.912,0.18997642408998205
1229,4.916,0.18258077811194534
1230,4.92,0.16888762389447826
1231,4.924,0.21589857203251234
1232,4.928,0.17795768105873336
1233,4.932,0.13119450227710436
1234,4.936,0.13579596361667737
1235,4.94,0.14599254637602538
1236,4.944,0.20237272481558516
1237,4.948,0.1403536659306851
1238,4.952,0.11623270547631287
1239,4.956,0.07736940714636475
1240,4.96,0.11310613553904182
1241,4.964,0.11375526606579556
1242,4.968,0.09784921558788573
1243,4.972,0.04514436091722786
1244,4.976,0.009118211227686449
1245,4.98,0.059114242023429596
1246,4.984,0.08206416856563653
1247,4.988,0.05838377359030476
1248,4.992,0.024494562393344427
1249,4.996,0.0007337427511798743
1250,5.0,-0.007996902768802914
1251,5.004,0.029890071628977832
1252,5.008,-0.009288429582515117
1253,5.012,-0.046953908695232346
1254,5.016,-0.07867688282307421
1255,5.02,-0.012842061350994416
1256,5.024,-0.009188233796577247
1257,5.028,-0.038998506744081174
1258,5.032,-0.06096456992388152
1259,5.036,-0.14007468458801198
1260,5.04,-0.10942347961998095
1261,5.044,-0.030631019355609593
1262,5.048,-0.06128442461077157
1263,5.052,-0.10335015535667719
1264,5.056,-0.14843614253713705
1265,5.06,-0.09533841314109191
1266,5.064,-0.028883487452418068
1267,5.068,-0.06581471124991131
1268,5.072,-0.12141248395509555
1269,5.076,-0.14744456511518567
1270,5.08,-0.11540772782099282
1271,5.084,-0.11508602914699609
1272,5.088,-0.08626814872750632
1273,5.092,-0.1179457690079241
1274,5.096,-0.17502837242174638
1275,5.1,-0.12573681927921224
1276,5.104,-0.10147822455831305
1277,5.108,-0.11046606226758082
1278,5.112,-0.13261711181844255
1279,5.116,-0.18275339780819883
1280,5.12,-0.09940651614347391
1281,5.124,-0.061682712523202246
1282,5.128,-0.09010792834474499
1283,5.132,-0.16854405184091942
1284,5.136,-0.15123364865496117
1285,5.14,-0.0740505545577137
1286,5.144,-0.10874545337776437
1287,5.148,-0.0730769139183785
1288,5.152,-0.12418913911951507
1289,5.156,-0.09583138318577449
1290,5.16,-0.08355910420256239
1291,5.164,-0.02503517428343808
1292,5.168,-0.028921914979781773
1293,5.172,-0.04126293885198783
1294,5.176,-0.08484824992201345
1295,5.18,-0.03551226274606163
1296,5.184,-0.030418179622539433
1297,5.188,0.009899909254916212
1298,5.192,-0.0620280791672955
1299,5.196,-0.06745349491926034
1300,5.2,-0.021507750911295778
1301,5.204,-0.013787206048657588
1302,5.208,0.007057375051360296
1303,5.212,-0.02037282683872929
1304,5.216,-0.045715960002977264
1305,5.22,-0.04768687552036134
1306,5.224,0.00971762789426734
1307,5.228,0.009513943337552325
1308,5.232,-0.08261864121747081
1309,5.236,-0.08537255202025039
1310,5.24,-0.022034059899694758
1311,5.244,-0.005205212653641654
1312,5.248,-0.021267901274976655
1313,5.252,-0.04250741293537607
1314,5.256,-0.08654663893972397
1315,5.26,-0.05617196969917541
1316,5.264,0.007811049344669925
1317,5.268,-0.06364827537247134
1318,5.272,-0.1211812906937796
1319,5.276,-0.11741687429419549
1320,5.28,-0.08917063687179731
1321,5.284,-0.07813105287231321
1322,5.288,-0.10441115690475247
1323,5.292,-0.08944580285354756
1324,5.296,-0.1414895997106157
1325,5.3,-0.13049516900311603
1326,5.304,-0.07037669485443086
1327,5.308,-0.10400825476185141
1328,5.312,-0.1498611507103221
1329,5.316,-0.14970762540182797
1330,5.32,-0.15131728291892277
1331,5.324,-0.08970957570512433
1332,5.328,-0.07544271214109666
1333,5.332,-0.14368643437653722
1334,5.336,-0.172840358315463
1335,5.34,-0.1439275318069189
1336,5.344,-0.11254103751948323
1337,5.348,-0.12891874766950395
1338,5.352,-0.18279920401155103
1339,5.356,-0.1871740269862661
1340,5.36,-0.21966902146186817
1341,5.364,-0.15721927651542617
1342,5.368,-0.20350310767700205
1343,5.372,-0.22916880610194765
1344,5.376,-0.2476981828415975
1345,5.38,-0.12438887809437921
1346,5.384,-0.018112679859057793
1347,5.388,0.07006009832011587
1348,5.392,0.1220073138982941
1349,5.396,0.3146282985033642
1350,5.4,0.5136608283467117
1351,5.404,0.6698770386081867
1352,5.408,0.8015480644638759
1353,5.412,0.8154946356275365
1354,5.416,0.7748351528208166
1355,5.42,0.6961621390854602
1356,5.424,0.5734474846725534
1357,5.428,0.3993141237800146
1358,5.432,0.17297079499062862
1359,5.436,-0.07360835151204673
1360,5.44,-0.12516000682248235
1361,5.444,-0.1889551270712941
1362,5.448,-0.3014650317642158
1363,5.452,-0.3550380342950495
1364,5.456,-0.3696986369416452
1365,5.46,-0.380749862301668
1366,5.464,-0.3069349906230589
1367,5.468,-0.3144332056611509
1368,5.472,-0.3158635501139396
1369,5.476,-0.2523399088365083
1370,5.48,-0.22009307741872045
1371,5.484,-0.1385569417587313
1372,5.488,-0.16950238338008924
1373,5.492,-0.1259049036765707
1374,5.496,-0.14895388496396858
1375,5.5,-0.12128834506183822
1376,5.504,-0.06835671709836041
1377,5.508,-0.11226365125402693
1378,5.512,-0.10291427431537067
1379,5.516,-0.13915405082925117
1380,5.52,-0.10008129995532397
1381,5.524,-0.06815765863133506
1382,5.528,-0.0783953313477928
1383,5.532,-0.09219759973106155
1384,5.536,-0.10809027416740567
1385,5.54,-0.0626102159279934
1386,5.544,-0.03578573019300084
1387,5.548,-0.033309954562381866
1388,5.552,-0.0850654294347912
1389,5.556,-0.04356510535530803
1390,5.56,-0.0717227995629596
1391,5.564,0.01976542476560215
1392,5.568,0.016618262704153244
1393,5.572,-0.05649778079432154
1394,5.576,-0.005424175488018969
1395,5.58,0.014288970968218087
1396,5.584,0.056059302106567045
1397,5.588,0.035548904533985085
1398,5.592,-0.0006050165947332192
1399,5.596,-0.00358540955065336
1400,5.6,0.05024020757639858
1401,5.604,0.11155965811051724
1402,5.608,0.08678010320984973
1403,5.612,0.0358579081097805
1404,5.616,0.06422630324268264
1405,5.62,0.10897906159106761
1406,5.624,0.1470224812888367
1407,5.628,0.1452647641418126
1408,5.632,0.0948535278575131
1409,5.636,0.078970659555711
1410,5.64,0.12161644679516218
1411,5.644,0.14888688699096989
1412,5.648,0.1771443663328105
1413,5.652,0.13692250018980903
1414,5.656,0.123853436840379
1415,5.66,0.1172506220359586
1416,5.664,0.1859675621729303
1417,5.668,0.21981547158739348
1418,5.672,0.14969471466371828
1419,5.676,0.15780220886039087
1420,5.68,0.1611248123338498
1421,5.684,0.24608195330366883
1422,5.688,0.20480087207911957
1423,5.692,0.17057920605140722
1424,5.696,0.19281847706095293
1425,5.7,0.20906783417383956
1426,5.704,0.20631736594283256
1427,5.708,0.1844981373064659
1428,5.712,0.1435426438702423
1429,5.716,0.14059673913130452
1430,5.72,0.15694898202453106
1431,5.724,0.17861140741907847
1432,5.728,0.1925294412207752
1433,5.732,0.11559862887571369
1434,5.736,0.13864111891191963
1435,5.74,0.12416705009917822
1436,5.744,0.17970474209207013
1437,5.748,0.13284504287013088
1438,5.752,0.09403013003660687
1439,5.756,0.0422953325634245
1440,5.76,0.06459669312123034
1441,5.764,0.11290109665082405
1442,5.768,0.10116674785944146
1443,5.772,0.03454553407634209
1444,5.776,-0.010280793764090749
1445,5.78,0.013657780569280086
1446,5.784,0.037969756682760536
1447,5.788,0.011632986476605857
1448,5.792,-0.0029142273906245064
1449,5.796,-0.00421412100679892
1450,5.8,0.0020570009351849263
1451,5.804,-0.011270660986539158
1452,5.808,0.0074640245823354295
1453,5.812,-0.038612726483623655
1454,5.816,-0.015732433358593284
1455,5.82,-0.051095115442133916
1456,5.824,-0.0029386798786898783
1457,5.828,0.01811737787026968
1458,5.832,-0.04924923460272647
1459,5.836,-0.06319915325954809
1460,5.84,-0.04093646150206995
1461,5.844,-0.00640530973160921
1462,5.848,-0.013393518105946158
1463,5.852,-0.0851521926221454
1464,5.856,-0.06926626942016653
1465,5.86,-0.07801828375035515
1466,5.864,-0.015385739747611548
1467,5.868,-0.03184594747603605
1468,5.872,-0.0881404123409685
1469,5.876,-0.09080720572517682
1470,5.88,-0.06876356857327634
1471,5.884,-0.04382467746806721
1472,5.888,-0.04370041648680854
1473,5.892,-0.09826649489946161
1474,5.896,-0.08504205433381247
1475,5.9,-0.07783731694427248
1476,5.904,-0.010425811906706226
1477,5.908,-0.056429134679486695
1478,5.912,-0.08550975029590463
1479,5.916,-0.09806997745880976
1480,5.92,-0.028252433865049224
1481,5.924,-0.01118503717761158
1482,5.928,-0.03169116031221099
1483,5.932,-0.0577800052256508
1484,5.936,-0.11480236856060103
1485,5.94,-0.041405627677204127
1486,5.944,0.031954388469321485
1487,5.948,-0.01058306774236768
1488,5.952,-0.04870919612415843
1489,5.956,-0.0481584923381191
1490,5.96,-0.0035463751535099175
1491,5.964,-0.016817633485827523
1492,5.968,-0.01790964263771129
1493,5.972,-0.01863047220032807
1494,5.976,-0.041273054150391425
1495,5.98,0.035537942849775885
1496,5.984,0.0468228668222463
1497,5.988,0.01241458436914978
1498,5.992,-0.009204508690299148
1499,5.996,-0.041090280377541075
1500,6.0,0.04483305848524342
1501,6.004,0.08603992880733917
1502,6.008,0.0757928703946015
1503,6.012,0.06792706425066343
1504,6.016,0.06297467770030804
1505,6.02,0.07651629327298821
1506,6.024,0.07853718060535642
1507,6.028,0.11857255429884603
1508,6.032,0.0785959885577585
1509,6.036,0.06277283631106198
1510,6.04,0.10850172036395477
1511,6.044,0.1025377911662555
1512,6.048,0.1454040403604877
1513,6.052,0.04841805049954041
1514,6.056,0.06325095680225182
1515,6.06,0.04876823649312396
1516,6.064,0.09117233250402254
1517,6.068,0.1175010261839268
1518,6.072,0.0390013207586285
1519,6.076,0.04048930714257784
1520,6.08,0.0571788426319349
1521,6.084,0.07854642760219378
1522,6.088,0.08658662821300618
1523,6.092,0.01112065249530008
1524,6.096,-0.03464893692426521
1525,6.1,0.011285874039960028
1526,6.104,0.06437017607302112
1527,6.108,0.04467171500787344
1528,6.112,-0.035557692368384894
1529,6.116,-0.03642773335641006
1530,6.12,-0.003464824452203503
1531,6.124,0.03124661642707467
1532,6.128,-0.0017184489178202304
1533,6.132,-0.031088445709613687
1534,6.136,-0.04693446826872424
1535,6.14,0.01234963005374798
1536,6.144,0.045593032291898004
1537,6.148,0.015207329846639538
1538,6.152,-0.03069341457399798
1539,6.156,-0.03415590408461068
1540,6.16,-0.018738035985586803
1541,6.164,0.006996258199883722
1542,6.168,-0.005585848093385144
1543,6.172,-0.04813049196485981
1544,6.176,-0.08175185010847744
1545,6.18,-0.04064761655519579
1546,6.184,-0.01596124395747233
1547,6.188,-0.08754161706418333
1548,6.192,-0.10867016243505594
1549,6.196,-0.11942911709677595
1550,6.2,-0.04777946839379732
1551,6.204,0.0345360235486823
1552,6.208,0.08260744480410641
1553,6.212,0.16561135961259785
1554,6.216,0.32989198781161977
1555,6.22,0.559693019427465
1556,6.224,0.7194900756739897
1557,6.228,0.9164302049467458
1558,6.232,1.0020046719597333
1559,6.236,1.000438512327372
1560,6.24,0.9966288951529869
1561,6.244,0.8823119223003699
1562,6.248,0.7043609329779457
1563,6.252,0.44027472300111214
1564,6.256,0.22550997178908364
1565,6.26,0.15355568288005803
1566,6.264,0.019966585441558528
1567,6.268,-0.08274467694798346
1568,6.272,-0.21032695658166703
1569,6.276,-0.26650126785296746
1570,6.28,-0.23007204585468916
1571,6.284,-0.20472330085359944
1572,6.288,-0.17792019396835593
1573,6.292,-0.18553102549868358
1574,6.296,-0.16153610036285557
1575,6.3,-0.08934593116426955
1576,6.304,0.0052678454650980575
1577,6.308,-0.02375581343179371
1578,6.312,-0.022262952513881235
1579,6.316,0.004318939985016132
1580,6.32,0.052623922967491285
1581,6.324,0.04640568254991047
1582,6.328,0.06007219576986
1583,6.332,0.054030207161013324
1584,6.336,0.030401481902492818
1585,6.34,0.06225098245168601
1586,6.344,0.09236605108496357
1587,6.348,0.08113206127161278
1588,6.352,0.05683815673031511
1589,6.356,0.03947214389477232
1590,6.36,0.08196272362760242
1591,6.364,0.12322178699074429
1592,6.368,0.10305265079610171
1593,6.372,0.0902388776433011
1594,6.376,0.12733680106116255
1595,6.38,0.08350419509002763
1596,6.384,0.16231806083210815
1597,6.388,0.1381775717573077
1598,6.392,0.129570173741672
1599,6.396,0.11611895783772938
1600,6.4,0.17143934912678194
1601,6.404,0.22164717248517912
1602,6.408,0.20100218660319094
1603,6.412,0.18679381375233373
1604,6.416,0.12175009403994258
1605,6.42,0.23628866085269176
1606,6.424,0.258260554826451
1607,6.428,0.2688446928199659
1608,6.432,0.19702302170395034
1609,6.436,0.20197203993218307
1610,6.44,0.26341756598829374
1611,6.444,0.3042054639813071
1612,6.448,0.3071208335896357
1613,6.452,0.2903589960215583
1614,6.456,0.23597080955867789
1615,6.46,0.3277821625455496
1616,6.464,0.3524480341223711
1617,6.468,0.34415050762139704
1618,6.472,0.28784451096090163
1619,6.476,0.31767749513344024
1620,6.48,0.30477856110851864
1621,6.484,0.3987774772464016
1622,6.488,0.352343940334547
1623,6.492,0.3430171648311932
1624,6.496,0.3303530373382582
1625,6.5,0.3891323774002691
1626,6.504,0.3995710592400048
1627,6.508,0.37811353213405463
1628,6.512,0.33999677848732396
1629,6.516,0.3580903784101841
1630,6.52,0.3760362016641638
1631,6.524,0.3898083077688123
1632,6.528,0.37605057218799215
1633,6.532,0.3064511857633939
1634,6.536,0.32370598996934025
1635,6.54,0.31240708631481867
1636,6.544,0.3843538233551025
1637,6.548,0.3532960015638496
1638,6.552,0.3451568635675716
1639,6.556,0.26157428866846955
1640,6.56,0.3043222138765465
1641,6.564,0.3630039934673533
1642,6.568,0.3302789325500114
1643,6.572,0.24587077422251769
1644,6.576,0.24029618175847758
1645,6.58,0.2600886210668396
1646,6.584,0.2888987035068049
1647,6.588,0.2490554992593249
1648,6.592,0.20949307496974195
1649,6.596,0.16037546664470184
1650,6.6,0.2157982486234604
1651,6.604,0.2459168305662586
1652,6.608,0.2124324126543165
1653,6.612,0.1380257477310774
1654,6.616,0.16420958593773005
1655,6.62,0.17863837612828629
1656,6.624,0.1850270961171333
1657,6.628,0.17343217242886583
1658,6.632,0.10380770713926517
1659,6.636,0.09351438290766707
1660,6.64,0.12983093535935125
1661,6.644,0.18954743805348015
1662,6.648,0.13822751605201164
1663,6.652,0.11550724557122082
1664,6.656,0.07733207742608536
1665,6.66,0.1208763727534519
1666,6.664,0.14359860046399076
1667,6.668,0.14591256720812035
1668,6.672,0.07650451186692489
1669,6.676,0.04248482048169748
1670,6.68,0.07685608416811668
1671,6.684,0.12336373497093617
1672,6.688,0.0959110024383604
1673,6.692,0.08304290458018201
1674,6.696,0.05319843007620722
1675,6.7,0.1364681182721541
1676,6.704,0.0948003953045824
1677,6.708,0.11630369442656956
1678,6.712,0.05066833085611949
1679,6.716,0.049059803594445464
1680,6.72,0.09366802810945801
1681,6.724,0.0826656577210832
1682,6.728,0.11641345924329034
1683,6.732,0.1058453622841713
1684,6.736,0.05156666903570416
1685,6.74,0.09882541593138872
1686,6.744,0.14732394608347818
1687,6.748,0.11497958663597176
1688,6.752,0.0684533645908928
1689,6.756,0.027736506047810368
1690,6.76,0.1164284676662817
1691,6.764,0.1394625471456584
1692,6.768,0.11430917378079468
1693,6.772,0.09785932612735779
1694,6.776,0.07698002224850843
1695,6.78,0.11629993661995547
1696,6.784,0.1754427347911822
1697,6.788,0.13350919578734874
1698,6.792,0.14139428725427963
1699,6.796,0.09099443506132808
1700,6.8,0.14399464642713491
1701,6.804,0.2303752632876117
1702,6.808,0.20985983583987952
1703,6.812,0.15655793737176332
1704,6.816,0.13128031266186438
1705,6.82,0.17772170764154474
1706,6.824,0.22712014189116897
1707,6.828,0.21843218632681854
1708,6.832,0.17895042055347338
1709,6.836,0.1705075639579303
1710,6.84,0.20282671925306106
1711,6.844,0.21544474815905684
1712,6.848,0.21987620033179545
1713,6.852,0.20402833358756195
1714,6.856,0.14881827299992634
1715,6.86,0.20101565859227527
1716,6.864,0.21980037370422337
1717,6.868,0.21990862017607699
1718,6.872,0.16513665832974908
1719,6.876,0.18079388389215204
1720,6.88,0.1909094688234966
1721,6.884,0.18540304637414376
1722,6.888,0.20207060842802355
1723,6.892,0.12845042161085302
1724,6.896,0.11281499398956757
1725,6.9,0.15572764545311196
1726,6.904,0.16826354272113847
1727,6.908,0.17445520340140705
1728,6.912,0.09757784419663405
1729,6.916,0.08228953738919062
1730,6.92,0.1099100993895831
1731,6.924,0.14024098369108912
1732,6.928,0.15331801932589134
1733,6.932,0.0999440788221919
1734,6.936,0.10333252071985208
1735,6.94,0.14368760747983772
1736,6.944,0.11499804356287877
1737,6.948,0.11983525211805288
1738,6.952,0.05428901031977576
1739,6.956,0.04705863306905675
1740,6.96,0.08153638417982026
1741,6.964,0.10582207691815615
1742,6.968,0.09188830201070619
1743,6.972,0.06545256838918846
1744,6.976,0.030893995449655376
1745,6.98,0.09680607715001936
1746,6.984,0.09080108321876984
1747,6.988,0.13322634037297118
1748,6.992,0.016906819523802206
1749,6.996,-0.005628056419512395
1750,7.0,-0.014724745121590114
1751,7.004,0.06255250461833595
1752,7.008,0.04396445541479596
1753,7.012,0.013758771024694142
1754,7.016,0.023387929505146534
1755,7.02,0.166875362682877
1756,7.024,0.2912313346586025
1757,7.028,0.4721493433976751
1758,7.032,0.5906642301713442
1759,7.036,0.7432071127432135
1760,7.04,0.8890824475417812
1761,7.044,1.0569383874690488
1762,7.048,1.1093113667584527
1763,7.052,1.030225586033891
1764,7.056,0.8949166954999975
1765,7.06,0.7090876079814858
1766,7.064,0.5857388553513612
1767,7.068,0.40129556384636933
1768,7.072,0.1509956430930286
1769,7.076,0.038098491283433226
1770,7.08,-0.021776504958389
1771,7.084,-0.06808846176577366
1772,7.088,-0.15211533148080064
1773,7.092,-0.18594165609134825
1774,7.096,-0.19827016410210033
1775,7.1,-0.14428335046255059
1776,7.104,-0.08866651649712093
1777,7.108,-0.06260508431899464
1778,7.112,-0.05850505269494462
1779,7.116,-0.027536210699151596
1780,7.12,0.021622994075977342
1781,7.124,0.07565455367194797
1782,7.128,0.08830556527138159
1783,7.132,0.022108320680825924
1784,7.136,0.06003115679950366
1785,7.14,0.089805710466356
1786,7.144,0.12754541261903837
1787,7.148,0.13449507645762382
1788,7.152,0.043794633026886284
1789,7.156,0.033649837021102504
1790,7.16,0.11054111186887952
1791,7.164,0.14219060413461485
1792,7.168,0.13639845318422686
1793,7.172,0.08793830095286453
1794,7.176,0.09991719583173864
1795,7.18,0.14281123134413679
1796,7.184,0.17316904398184818
1797,7.188,0.15256795212611074
1798,7.192,0.08407440974877048
1799,7.196,0.12941273507846912
1800,7.2,0.1774807442730693
1801,7.204,0.20737380752502066
1802,7.208,0.17456478092375036
1803,7.212,0.16905142712303642
1804,7.216,0.16767496448782293
1805,7.22,0.22178886731566622
1806,7.224,0.2197553552579332
1807,7.228,0.2274582418618887
1808,7.232,0.21273997696129213
1809,7.236,0.19664007744809195
1810,7.24,0.21789887796289628
1811,7.244,0.28791180858489185
1812,7.248,0.28728058146558666
1813,7.252,0.24635581135682233
1814,7.256,0.24492617789832535
1815,7.26,0.2783213494709787
1816,7.264,0.3513310634103555
1817,7.268,0.3039291114945191
1818,7.272,0.276173625630879
1819,7.276,0.2815310337468714
1820,7.28,0.33723805008453384
1821,7.284,0.3339851270766785
1822,7.288,0.33025582164846695
1823,7.292,0.2809691359609058
1824,7.296,0.3097636136803274
1825,7.3,0.32582350342612504
1826,7.304,0.3750246833943035
1827,7.308,0.3830315085926454
1828,7.312,0.3194955738977141
1829,7.316,0.32270646476832215
1830,7.32,0.34580282740393437
1831,7.324,0.3950828066399134
1832,7.328,0.3764832904448811
1833,7.332,0.3111604933084166
1834,7.336,0.3038845145639692
1835,7.34,0.35423243151836975
1836,7.344,0.3703034785486251
1837,7.348,0.31914659593718353
1838,7.352,0.30807023531292366
1839,7.356,0.2565422371901257
1840,7.36,0.3267304206899175
1841,7.364,0.3444784278988434
1842,7.368,0.3095597156550175
1843,7.372,0.2566591396893851
1844,7.376,0.227666913545035
1845,7.38,0.2669905020228163
1846,7.384,0.27125842355328394
1847,7.388,0.25919547614437194
1848,7.392,0.21917063440452925
1849,7.396,0.1702997234333127
1850,7.4,0.1922982698161743
1851,7.404,0.2049592278607943
1852,7.408,0.18450177406164506
1853,7.412,0.11970640047523834
1854,7.416,0.14336051553016074
1855,7.42,0.18664677001724428
1856,7.424,0.20389042304486246
1857,7.428,0.1274230294224782
1858,7.432,0.12010023611860757
1859,7.436,0.11179132238444911
1860,7.44,0.10347549407893182
1861,7.444,0.13940028544543007
1862,7.448,0.08168342418750349
1863,7.452,0.07482571891444276
1864,7.456,0.031886402448579806
1865,7.46,0.0820034662983796
1866,7.464,0.07805297469974692
1867,7.468,0.09802497226797087
1868,7.472,0.06070783306915746
1869,7.476,0.010944939214620857
1870,7.48,0.03367281920405939
1871,7.484,0.04472781995647503
1872,7.488,0.06242654819478735
1873,7.492,0.012281701769459311
1874,7.496,-0.02095110547089491
1875,7.5,0.045583228455336876
1876,7.504,0.0600205458152022
1877,7.508,0.03366316493734002
1878,7.512,-0.000274500951147727
1879,7.516,0.01429907835777142
1880,7.52,0.037366187161878325
1881,7.524,0.05585392752190639
1882,7.528,0.055198775040038936
1883,7.532,-0.019230185689835935
1884,7.536,-0.011524386168805459
1885,7.54,0.02296472590046142
1886,7.544,0.044477883421854464
1887,7.548,0.0476094428550173
1888,7.552,-0.01563818136190044
1889,7.556,-0.005092096874626249
1890,7.56,0.029262728708600888
1891,7.564,0.0007182223502036136
1892,7.568,0.0628743482396322
1893,7.572,-0.05326602828988995
1894,7.576,-0.02054851053045642
1895,7.58,0.04434547537596689
1896,7.584,0.05594355097741603
1897,7.588,0.02545669809832126
1898,7.592,-0.005641774809388132
1899,7.596,0.02358856635110664
1900,7.6,0.00799399272500282
1901,7.604,0.10077015755273441
1902,7.608,0.07167370656925885
1903,7.612,0.015288249745040762
1904,7.616,0.01900478866360701
1905,7.62,0.05009613310637463
1906,7.624,0.12296714219748978
1907,7.628,0.1134889385362845
1908,7.632,0.03371396920310667
1909,7.636,0.04991852865004121
1910,7.64,0.07979640062450778
1911,7.644,0.15627870152956466
1912,7.648,0.09975739344505048
1913,7.652,0.1148733714001774
1914,7.656,0.07498587915314327
1915,7.66,0.08940981357546655
1916,7.664,0.13197260212797213
1917,7.668,0.11664142384307467
1918,7.672,0.06566559515334122
1919,7.676,0.0753600655866512
1920,7.68,0.08170828604839814
1921,7.684,0.09388948129144759
1922,7.688,0.10886759099996465
1923,7.692,0.036716833930532454
1924,7.696,0.036958910143190526
1925,7.7,0.06100726749716244
1926,7.704,0.08821903665494213
1927,7.708,0.12021809269695528
1928,7.712,0.03696927159847278
1929,7.716,0.020544177310315954
1930,7.72,0.010415130759551784
1931,7.724,0.05705625508231838
1932,7.728,0.05338774010890801
1933,7.732,-0.016365081670622394
1934,7.736,-0.00022656645597064068
1935,7.74,-0.010475847164315212
1936,7.744,0.03417450255863359
1937,7.748,0.01135627038156869
1938,7.752,-0.020571501103631686
1939,7.756,-0.051652395877799726
1940,7.76,-0.015200269272519273
1941,7.764,0.015593939278122824
1942,7.768,-0.00886602037030484
1943,7.772,-0.030526313025803983
1944,7.776,-0.04987221930432565
1945,7.78,-0.024433947015078547
1946,7.784,0.000885205052271831
1947,7.788,0.008427998863978325
1948,7.792,-0.05347832847721465
1949,7.796,-0.07062989248378271
1950,7.8,-0.03509919458558114
1951,7.804,0.01838659180838648
1952,7.808,-0.061838588007880765
1953,7.812,-0.08226207493057419
1954,7.816,-0.16258953389485575
1955,7.82,-0.10894292802534913
1956,7.824,-0.060412116682233535
1957,7.828,-0.0865073881362464
1958,7.832,-0.10563865470130833
1959,7.836,-0.07723349252816557
1960,7.84,0.051442223586934656
1961,7.844,0.19724043279107226
1962,7.848,0.3240360161373327
1963,7.852,0.4637730428189547
1964,7.856,0.6360449969703745
1965,7.86,0.8051992252972344
1966,7.864,0.9386002537959707
1967,7.868,0.9419410874596398
1968,7.872,0.876448790128072
1969,7.876,0.7395784295611161
1970,7.88,0.5937359489268239
1971,7.884,0.44966429318435874
1972,7.888,0.23901058310791662
1973,7.892,0.04587160234667194
1974,7.896,-0.09458296471592222
1975,7.9,-0.16324077729363573
1976,7.904,-0.20417420477245884
1977,7.908,-0.20833354648642596
1978,7.912,-0.3154547934126421
1979,7.916,-0.32983622066197343
1980,7.92,-0.2580175973634778
1981,7.924,-0.1975442691006685
1982,7.928,-0.2034244787052491
1983,7.932,-0.1615591407271758
1984,7.936,-0.16198400773493615
1985,7.94,-0.11863666026050644
1986,7.944,-0.02224513591854408
1987,7.948,-0.029560486295028957
1988,7.952,-0.0941575874198885
1989,7.956,-0.045086083510036415
1990,7.96,-0.02714048101953699
1991,7.964,-0.0023564447909954177
1992,7.968,0.016703747147438476
1993,7.972,-0.0473822456573987
1994,7.976,-0.06056563235255511
1995,7.98,-0.03553657703894771
1996,7.984,0.023517526432736656
1997,7.988,0.012640604617212213
1998,7.992,-0.032741303428642725
1999,7.996,-0.05550191760616254
